user_id,events,total_amount
user_018,18,4238.58
user_019,21,4037.9700000000003
user_046,12,3498.42
user_014,17,3414.2200000000003
user_007,18,3385.74
user_045,11,3074.64
user_027,12,3037.9
user_001,16,3024.55
user_003,13,2905.07
user_012,16,2869.2599999999998
